Model,Accuracy,Precision,Recall,F1 Score,ROC AUC
Logistic Regression,0.8385899814471243,0.75,0.23300970873786409,0.35555555555555557,0.7128128618508952
Random Forest,0.8144712430426716,0.5333333333333333,0.23300970873786409,0.32432432432432434,0.679121760042754
XGBoost,0.8126159554730983,0.5277777777777778,0.18446601941747573,0.2733812949640288,0.6784314598735193
